iter	MAE	Quantile:alpha=0.5
0	0.3988739432	0.1994369716
1	0.395517505	0.1977587525
2	0.3921458051	0.1960729026
3	0.3891854446	0.1945927223
4	0.3864165347	0.1932082674
5	0.3840208631	0.1920104316
6	0.3819270744	0.1909635372
7	0.3800915186	0.1900457593
8	0.3782428602	0.1891214301
9	0.3761507028	0.1880753514
10	0.3742706487	0.1871353243
11	0.3725042688	0.1862521344
12	0.3710859816	0.1855429908
13	0.3698313403	0.1849156702
14	0.3684545028	0.1842272514
15	0.3671630879	0.1835815439
16	0.365714374	0.182857187
17	0.3647139514	0.1823569757
18	0.3637033459	0.181851673
19	0.3629269174	0.1814634587
20	0.3619397018	0.1809698509
21	0.3610170891	0.1805085446
22	0.3601286906	0.1800643453
23	0.3592497928	0.1796248964
24	0.3586742951	0.1793371475
25	0.3579935463	0.1789967732
26	0.3574727462	0.1787363731
27	0.3566245935	0.1783122967
28	0.355784506	0.177892253
29	0.3553026634	0.1776513317
30	0.3546296783	0.1773148391
31	0.3542133296	0.1771066648
32	0.3536269828	0.1768134914
33	0.3530778229	0.1765389114
34	0.3526505686	0.1763252843
35	0.3520765277	0.1760382638
36	0.3517159536	0.1758579768
37	0.3512398322	0.1756199161
38	0.3508911883	0.1754455942
39	0.3504702395	0.1752351197
40	0.3499941996	0.1749970998
41	0.3496402251	0.1748201126
42	0.3493727447	0.1746863724
43	0.3489878326	0.1744939163
44	0.3487481785	0.1743740892
45	0.3485110793	0.1742555396
46	0.3482803219	0.174140161
47	0.3479798405	0.1739899203
48	0.3475720203	0.1737860101
49	0.3472972045	0.1736486022
50	0.3469556182	0.1734778091
51	0.3465992064	0.1732996032
52	0.3462807144	0.1731403572
53	0.3460143331	0.1730071666
54	0.345823376	0.172911688
55	0.3455112204	0.1727556102
56	0.345328717	0.1726643585
57	0.3451788538	0.1725894269
58	0.3449771466	0.1724885733
59	0.3447157844	0.1723578922
60	0.3444875677	0.1722437839
61	0.3443343413	0.1721671707
62	0.3441756068	0.1720878034
63	0.3440306943	0.1720153471
64	0.3437415028	0.1718707514
65	0.3436364638	0.1718182319
66	0.343465217	0.1717326085
67	0.3433416627	0.1716708313
68	0.343142102	0.171571051
69	0.3429596061	0.171479803
70	0.3427316596	0.1713658298
71	0.34261804	0.17130902
72	0.3425079294	0.1712539647
73	0.3424269228	0.1712134614
74	0.3422781328	0.1711390664
75	0.3421444466	0.1710722233
76	0.3420932629	0.1710466315
77	0.3419753314	0.1709876657
78	0.3418572625	0.1709286313
79	0.3417312157	0.1708656079
80	0.3416174202	0.1708087101
81	0.3415729478	0.1707864739
82	0.34147409	0.170737045
83	0.341342883	0.1706714415
84	0.3412836369	0.1706418184
85	0.3412433526	0.1706216763
86	0.3411568573	0.1705784287
87	0.3411014805	0.1705507403
88	0.3409420186	0.1704710093
89	0.3408923714	0.1704461857
90	0.3408073254	0.1704036627
91	0.3406873943	0.1703436971
92	0.3405796314	0.1702898157
93	0.3404213864	0.1702106932
94	0.3403237912	0.1701618956
95	0.3402441636	0.1701220818
96	0.3402021079	0.1701010539
97	0.3401029505	0.1700514752
98	0.3400461629	0.1700230814
99	0.340000287	0.1700001435
100	0.3398770918	0.1699385459
101	0.3397614205	0.1698807102
102	0.3396175178	0.1698087589
103	0.3395610084	0.1697805042
104	0.339469478	0.169734739
105	0.3394330878	0.1697165439
106	0.3393440853	0.1696720426
107	0.3392971808	0.1696485904
108	0.3392634264	0.1696317132
109	0.3392210859	0.1696105429
110	0.3391949538	0.1695974769
111	0.3391114877	0.1695557439
112	0.339000353	0.1695001765
113	0.3389294335	0.1694647168
114	0.3387902793	0.1693951397
115	0.3387353246	0.1693676623
116	0.3386972693	0.1693486347
117	0.3386625266	0.1693312633
118	0.3385295206	0.1692647603
119	0.3384878537	0.1692439269
120	0.3384225182	0.1692112591
121	0.3383275248	0.1691637624
122	0.3382450015	0.1691225007
123	0.3381102686	0.1690551343
124	0.338079977	0.1690399885
125	0.3380652878	0.1690326439
126	0.3380202324	0.1690101162
127	0.3379883716	0.1689941858
128	0.3379504727	0.1689752364
129	0.3378917364	0.1689458682
130	0.3378473061	0.1689236531
131	0.3377941625	0.1688970813
132	0.3376987749	0.1688493874
133	0.337675739	0.1688378695
134	0.337618596	0.168809298
135	0.3375530639	0.1687765319
136	0.337484987	0.1687424935
137	0.3374082313	0.1687041156
138	0.3373606299	0.1686803149
139	0.3372990461	0.1686495231
140	0.3372232516	0.1686116258
141	0.3371681128	0.1685840564
142	0.3371310239	0.168565512
143	0.3370664115	0.1685332057
144	0.3370001592	0.1685000796
145	0.3369587348	0.1684793674
146	0.3369126696	0.1684563348
147	0.3368451825	0.1684225913
148	0.3367186399	0.16835932
149	0.336668941	0.1683344705
150	0.3366322555	0.1683161278
151	0.3366015721	0.168300786
152	0.3365636151	0.1682818075
153	0.3365220551	0.1682610275
154	0.3364462519	0.1682231259
155	0.3363955214	0.1681977607
156	0.3363568739	0.168178437
157	0.3363298765	0.1681649383
158	0.3362962889	0.1681481444
159	0.336249445	0.1681247225
160	0.3362217888	0.1681108944
161	0.3361798375	0.1680899188
162	0.3360908826	0.1680454413
163	0.3360693479	0.168034674
164	0.3360217662	0.1680108831
165	0.3359924376	0.1679962188
166	0.3359249244	0.1679624622
167	0.3359047422	0.1679523711
